序号,内容分类,
2,疫情通报,
2,居民就医,
2,交通出行,
2,场所准入,
3,疫情通报,
3,居民就医,
3,防护措施,
5,疫情通报,
5,防护措施,
5,场所准入,
6,疫情通报,
6,核酸检测,
6,居民就医,
6,防护措施,
7,疫情通报,
7,疫区管控,
7,核酸检测,
7,场所准入,
7,疫苗接种,
7,防护措施,
7,交通出行,
8,疫情通报,
8,疫区管控,
8,核酸检测,
8,疫苗接种,
9,疫情通报,
9,防护措施,
9,疫区管控,
10,疫情通报,
10,疫区管控,
11,疫情通报,
11,疫区管控,
11,复工复产,
12,疫情通报,
12,疫区管控,
12,防护措施,
12,场所准入,
12,核酸检测,
12,民生保障,
12,复工复产,
13,疫情通报,
13,疫区管控,
13,防护措施,
14,疫情通报,
14,疫区管控,
14,防护措施,
15,疫情通报,
15,疫区管控,
15,居民就医,
15,防护措施,
16,疫情通报,
16,疫区管控,
16,防护措施,
16,交通出行,
17,疫情通报,
17,疫区管控,
17,居民就医,
18,疫情通报,
18,疫区管控,
18,疫苗接种,
19,疫情通报,
19,疫区管控,
19,核酸检测,
19,防护措施,
20,疫情通报,
20,疫区管控,
20,场所准入,
20,生产经营,
20,交通出行,
20,防护措施,
21,疫情通报,
21,疫区管控,
21,居民就医,
22,疫情通报,
22,疫区管控,
22,核酸检测,
23,疫情通报,
23,疫区管控,
23,防护措施,
24,疫情通报,
24,疫区管控,
24,生产经营,
24,复工复产,
25,疫情通报,
25,疫区管控,
25,核酸检测,
27,疫情通报,
27,疫区管控,
27,核酸检测,
27,防护措施,
27,交通出行,
28,疫情通报,
28,疫区管控,
28,生产经营,
28,场所准入,
29,疫情通报,
29,疫区管控,
29,防护措施,
29,民生保障,
31,疫情通报,
31,疫区管控,
31,防护措施,
32,疫情通报,
32,疫区管控,
32,防护措施,
33,疫情通报,
33,疫区管控,
33,防护措施,
33,居民就医,
33,民生保障,
34,疫情通报,
34,疫区管控,
34,居民就医,
34,民生保障,
35,疫情通报,
35,疫情通报,
35,疫区管控,
35,核酸检测,
35,复工复产,
36,疫情通报,
36,疫区管控,
36,生产经营,
36,交通出行,
36,防护措施,
37,疫情通报,
37,疫区管控,
38,疫情通报,
38,疫区管控,
38,防护措施,
38,生产经营,
39,疫情通报,
39,疫区管控,
39,生产经营,
39,防护措施,
39,场所准入,
40,疫情通报,
40,疫区管控,
40,核酸检测,
40,防护措施,
40,场所准入,
41,疫情通报,
41,疫区管控,
41,生产经营,
41,交通出行,
41,防护措施,
42,疫情通报,
42,疫区管控,
42,核酸检测,
42,居民就医,
42,民生保障,
42,防护措施,
42,场所准入,
42,交通出行,
43,疫情通报,
43,疫区管控,
43,场所准入,
43,核酸检测,
43,交通出行,
43,防护措施,
44,疫情通报,
44,疫区管控,
44,防护措施,
44,交通出行,
44,场所准入,
45,疫情通报,
45,疫区管控,
45,交通出行,
45,防护措施,
46,疫情通报,
46,核酸检测,
46,疫区管控,
46,防护措施,
47,疫情通报,
47,疫区管控,
47,防护措施,
47,核酸检测,
49,疫情通报,
49,疫区管控,
49,生产经营,
49,核酸检测,
49,交通出行,
49,疫苗接种,
50,疫情通报,
50,核酸检测,
50,场所准入,
50,疫区管控,
50,防护措施,
50,交通出行,
51,疫情通报,
51,核酸检测,
51,交通出行,
51,防护措施,
52,疫情通报,
52,疫区管控,
52,核酸检测,
52,防护措施,
52,居民就医,
53,疫情通报,
53,疫区管控,
53,核酸检测,
53,民生保障,
53,场所准入,
54,疫情通报,
54,疫区管控,
54,交通出行,
54,防护措施,
55,疫情通报,
55,疫区管控,
55,核酸检测,
55,交通出行,
55,居民就医,
55,防护措施,
55,场所准入,
56,疫情通报,
56,疫区管控,
56,核酸检测,
56,居民就医,
56,交通出行,
56,防护措施,
57,疫情通报,
57,核酸检测,
57,疫区管控,
57,交通出行,
57,防护措施,
57,场所准入,
58,疫情通报,
58,交通出行,
58,核酸检测,
58,防护措施,
59,疫情通报,
59,核酸检测,
59,场所准入,
59,疫苗接种,
59,民生保障,
60,疫情通报,
60,核酸检测,
60,民生保障,
60,居民就医,
60,场所准入,
60,疫区管控,
61,疫情通报,
61,核酸检测,
61,交通出行,
61,场所准入,
61,民生保障,
61,居民就医,
61,防护措施,
62,疫情通报,
62,疫区管控,
62,防护措施,
63,疫情通报,
63,疫区管控,
63,核酸检测,
63,场所准入,
63,防护措施,
65,疫情通报,
65,场所准入,
65,核酸检测,
65,疫区管控,
65,民生保障,
66,疫情通报,
66,核酸检测,
66,疫区管控,
66,复工复产,
66,疫苗接种,
67,疫情通报,
67,疫区管控,
67,场所准入,
67,防护措施,
67,疫苗接种,
68,疫情通报,
68,疫区管控,
68,居民就医,
68,场所准入,
69,疫情通报,
69,疫区管控,
69,交通出行,
69,居民就医,
69,防护措施,
71,疫情通报,
71,疫区管控,
71,核酸检测,
71,交通出行,
71,防护措施,
72,疫情通报,
72,疫区管控,
72,核酸检测,
72,防护措施,
73,疫情通报,
73,核酸检测,
73,疫区管控,
73,疫苗接种,
74,疫情通报,
74,居民就医,
74,核酸检测,
74,防护措施,
76,疫情通报,
76,疫区管控,
76,防护措施,
76,场所准入,
76,交通出行,
76,核酸检测,
77,疫情通报,
77,疫区管控,
77,交通出行,
77,防护措施,
78,疫情通报,
78,交通出行,
78,防护措施,
78,场所准入,
79,疫情通报,
79,场所准入,
79,交通出行,
79,防护措施,
80,疫情通报,
80,疫区管控,
80,交通出行,
80,防护措施,
81,疫情通报,
81,疫区管控,
81,核酸检测,
81,防护措施,
82,疫情通报,
82,疫区管控,
82,场所准入,
82,防护措施,
83,疫情通报,
83,疫区管控,
83,核酸检测,
83,交通出行,
83,防护措施,
83,疫苗接种,
84,疫情通报,
84,核酸检测,
84,交通出行,
84,防护措施,
85,疫情通报,
85,核酸检测,
85,交通出行,
85,防护措施,
86,疫情通报,
86,疫区管控,
86,居民就医,
86,交通出行,
87,交通出行,
87,防护措施,
87,疫苗接种,
88,疫情通报,
88,疫区管控,
88,防护措施,
89,疫情通报,
89,疫区管控,
89,场所准入,
89,疫苗接种,
89,防护措施,
89,核酸检测,
89,居民就医,
89,民生保障,
90,疫情通报,
90,疫区管控,
90,交通出行,
90,疫苗接种,
91,疫情通报,
91,核酸检测,
91,疫区管控,
91,民生保障,
91,居民就医,
92,交通出行,
92,民生保障,
93,疫情通报,
93,疫区管控,
93,防护措施,
94,疫情通报,
94,疫区管控,
94,核酸检测,
95,疫情通报,
95,核酸检测,
95,场所准入,
95,防护措施,
95,疫苗接种,
96,疫情通报,
96,核酸检测,
96,疫苗接种,
96,防护措施,
98,疫情通报,
98,疫区管控,
98,核酸检测,
98,交通出行,
98,疫苗接种,
99,疫情通报,
99,疫区管控,
99,疫苗接种,
99,核酸检测,
100,疫情通报,
100,居民就医,
101,核酸检测,
102,疫情通报,中考专场
102,疫区管控,
102,民生保障,
103,复工复产,
103,生产经营,
103,民生保障,
104,疫情通报,
104,交通出行,
105,疫情通报,
105,核酸检测,
105,居民就医,
106,疫情通报,
106,居民就医,
106,民生保障,
106,疫苗接种,
106,复工复产,
107,疫情通报,
107,防护措施,
108,疫苗接种,
108,疫区管控,
108,防护措施,
109,防护措施,
110,疫区管控,
111,疫情通报,
111,场所准入,
111,防护措施,
112,民生保障,
113,疫情通报,
113,疫区管控,
113,民生保障,
114,疫情通报,
114,核酸检测,
114,民生保障,
115,疫情通报,
115,疫苗接种,
115,居民就医,
115,防护措施,
115,民生保障,
116,疫情通报,
116,防护措施,
116,民生保障,
116,交通出行,
116,场所准入,
116,疫苗接种,
117,疫情通报,
117,民生保障,
117,居民就医,
118,疫情通报,
118,核酸检测,
118,民生保障,
119,其他,通报违反疫情管理案例
120,疫情通报,
120,核酸检测,
120,居民就医,
120,民生保障,
120,疫区管控,
120,交通出行,
120,疫苗接种,
121,疫情通报,
121,疫区管控,
121,核酸检测,
121,生产经营,
121,场所准入,
121,核酸检测,
121,防护措施,
122,民生保障,
123,疫情通报,
124,疫情通报,
124,疫区管控,
124,民生保障,
125,疫区管控,
125,民生保障,
125,交通出行,
126,疫情通报,
126,核酸检测,
126,民生保障,
126,交通出行,
127,疫情通报,
127,核酸检测,
127,疫区管控,
128,民生保障,
128,交通出行,
128,生产经营,
128,疫区管控,
129,疫情通报,
129,核酸检测,
129,交通出行,
129,防护措施,
130,疫情通报,
130,核酸检测,
130,疫苗接种,
130,疫区管控,
130,民生保障,
130,防护措施,
131,疫情通报,
131,疫区管控,
131,疫苗接种,
132,疫情通报,
132,居民就医,
132,疫苗接种,
133,复工复产,
133,民生保障,
134,复工复产,
134,民生保障,
135,复工复产,
136,复工复产,
137,复工复产,
138,复工复产,
139,复工复产,
140,复工复产,
141,复工复产,
142,民生保障,
142,复工复产,
142,生产经营,
143,复工复产,
144,复工复产,
144,生产经营,
145,复工复产,
145,民生保障,
146,复工复产,
146,生产经营,
147,复工复产,
147,生产经营,
148,复工复产,
149,复工复产,
150,其他,普法
152,复工复产,
153,复工复产,
155,民生保障,
156,复工复产,
157,民生保障,
157,复工复产,
158,民生保障,
159,其他,赏花
160,复工复产,
161,民生保障,
162,其他,分享会
163,复工复产,
164,复工复产,
164,民生保障,
166,复工复产,
167,生产经营,
167,复工复产,
168,民生保障,
168,复工复产,
169,民生保障,
170,复工复产,
170,民生保障,
171,防护措施,
172,民生保障,
173,复工复产,
175,民生保障,
176,民生保障,
176,核酸检测,
177,其他,分享会
178,疫区管控,
178,防护措施,
178,民生保障,
179,民生保障,
181,防护措施,
181,复工复产,
182,交通出行,
182,复工复产,
183,疫情通报,
183,复工复产,
183,民生保障,
183,交通出行,
187,复工复产,
187,生产经营,
